{
    "damage": 2,
    "speed": 5,
    "maxHealth": 13,
    "currentHealth": 13,
    "level": 1,
    "currentExp": 0,
    "expToLevel": 12,
    "availablePoints": 0,
    "skills": [],
    "playerPosX": -11.514790534973145,
    "playerPosY": -1.1601762771606446,
    "playerPosZ": 0.0,
    "sceneIndex": 1,
    "currentWave": 1,
    "totalKills": 2,
    "saveTime": "2025-07-30T02:18:52.2888939+07:00",
    "playTime": 10.436807632446289
}